{
    "scenario": {
      "steps": [
        {
          "text": "step1.md"
        },
        {
          "text": "step2.md"
        },
        {
          "text": "step3.md"
        }
        ,
        {
          "text": "step4.md"
        }
        ,
        {
          "text": "step5.md"
        }
        ,
        {
          "text": "step6.md"
        }
        ,
        {
          "text": "step7.md"
        }
        ,
        {
          "text": "step8.md"
        }
        ,
        {
          "text": "step9.md"
        }
        ,
        {
          "text": "step10.md"
        }
        ,
        {
          "text": "step11.md"
        }
        ,
        {
          "text": "step12.md"
        }
        ,
        {
          "text": "step13.md"
        }

        ,
        {
          "text": "step14.md"
        }


      ],
      "intro": {
        "text": "intro.md"
      },
      "finish": {
        "text": "finish.md"
      },
      "video": {
        "text": {
          "en": "https://youtube.com/embed/zRiZZwGSl0M",
          "tr": "https://youtube.com/embed/zRiZZwGSl0M"
        }
      }
    },
    "environment": {
      "uilayout": "editor-terminal"
    },
    "backend": {
      "imageid": "alpine"
    }
  }